<?xml version="1.0" encoding="utf-8" ?>
<dwsync>
<file name="Copy of crayon-texture.png" server="williammalone.com" local="129244978800000000" remote="129244978800000000" />
<file name="color-swatch-brown.png" server="williammalone.com" local="129244978800000000" remote="129244978800000000" />
<file name="color-swatch-erase.png" server="williammalone.com" local="129244978800000000" remote="129244978800000000" />
<file name="color-swatch-green.png" server="williammalone.com" local="129244978800000000" remote="129244978800000000" />
<file name="color-swatch-purple.png" server="williammalone.com" local="129244978800000000" remote="129244978800000000" />
<file name="color-swatch-yellow.png" server="williammalone.com" local="129244978800000000" remote="129244978800000000" />
<file name="crayon-background.png" server="williammalone.com" local="129244978800000000" remote="129244978800000000" />
<file name="crayon-outline.png" server="williammalone.com" local="129244978800000000" remote="129244978800000000" />
<file name="crayon-texture.png" server="williammalone.com" local="129244978800000000" remote="129244978800000000" />
<file name="eraser-background.png" server="williammalone.com" local="129244978800000000" remote="129244978800000000" />
<file name="eraser-outline.png" server="williammalone.com" local="129244978800000000" remote="129244978800000000" />
<file name="html5-drawing-tool-example-marker.png" server="williammalone.com" local="129244978800000000" remote="129244978800000000" />
<file name="html5-drawing-tool-example.png" server="williammalone.com" local="129244978800000000" remote="129244978800000000" />
<file name="marker-background.png" server="williammalone.com" local="129244978800000000" remote="129244978800000000" />
<file name="marker-outline.png" server="williammalone.com" local="129244978800000000" remote="129244978800000000" />
<file name="watermelon-duck-outline.png" server="williammalone.com" local="129244978800000000" remote="129244978800000000" />
</dwsync>